file,reason
S4A27290_20250714_104428.wav,NoBackendError
S4A27290_20251003_064840.wav,NoBackendError
S4A27290_20251015_093631.wav,NoBackendError
S4A27290_20251018_143330.wav,NoBackendError
S4A27290_20251020_134700.wav,NoBackendError
S4A27290_20251023_144122.wav,NoBackendError
S4A27290_20251027_072724.wav,NoBackendError
S4A27290_20251029_072111.wav,NoBackendError
S4A27290_20251103_152348.wav,NoBackendError
S4A27290_20251006_072033.wav,NoBackendError
S4A27290_20251001_071909.wav,NoBackendError
S4A27290_20250905_120020.wav,NoBackendError
S4A27290_20250905_122325.wav,NoBackendError
S4A27290_20250924_170641.wav,NoBackendError
S4A27290_20250926_070545.wav,NoBackendError
S4A27290_20250929_075325.wav,NoBackendError
S4A27290_20250919_091943.wav,NoBackendError
S4A27290_20250922_150701.wav,NoBackendError
